{"count":1,"self":24.6041216,"total":25.2083795,"children":{"AgentResetIfDone":{"count":9241,"self":0.2093052,"total":0.2093052,"children":null},"AgentSendState":{"count":9241,"self":0.0850056,"total":0.1020022,"children":{"CollectObservations":{"count":1341,"self":0.0169966,"total":0.0169966,"children":null}}},"DecideAction":{"count":9241,"self":0.1243011,"total":0.1243011,"children":null},"AcademyStep":{"count":9241,"self":0.06784359999999999,"total":0.06784359999999999,"children":null},"AgentAct":{"count":9241,"self":0.099802,"total":0.099802,"children":null}}}