{"count":1,"self":33.420063999999996,"total":35.601418699999996,"children":{"AgentResetIfDone":{"count":13794,"self":0.2019657,"total":0.2019657,"children":null},"AgentSendState":{"count":13794,"self":0.1669794,"total":0.61797439999999992,"children":{"CollectObservations":{"count":2759,"self":0.450995,"total":0.450995,"children":null}}},"DecideAction":{"count":13794,"self":0.15496849999999998,"total":0.15496849999999998,"children":null},"AcademyStep":{"count":13794,"self":0.1010042,"total":0.1010042,"children":null},"AgentAct":{"count":13794,"self":1.1044431,"total":1.1044431,"children":null}}}