{"count":1,"self":46.024448,"total":49.4477026,"children":{"AgentResetIfDone":{"count":10787,"self":0.1190256,"total":0.1190256,"children":null},"AgentSendState":{"count":10787,"self":0.4092106,"total":2.9250035,"children":{"CollectObservations":{"count":10787,"self":2.5157928,"total":2.5157928999999997,"children":null}}},"DecideAction":{"count":10787,"self":0.3782241,"total":0.3782241,"children":null}}}