{"count":1,"gauges":{},"self":29.117728,"total":85.56069819999999,"children":{"AgentResetIfDone":{"count":24536,"self":0.30837359999999997,"total":0.30837359999999997,"children":null},"AgentSendState":{"count":24536,"self":0.2432306,"total":0.29122719999999996,"children":{"CollectObservations":{"count":4908,"self":0.0479966,"total":0.0479966,"children":null}}},"DecideAction":{"count":24536,"self":1.3598447999999999,"total":8.1682373999999989,"children":{"RayPerceptionSensor.Perceive":{"count":98144,"self":6.8083928,"total":6.8083925999999995,"children":null}}},"AcademyStep":{"count":24536,"self":0.1535862,"total":0.1535862,"children":null},"AgentAct":{"count":24536,"self":47.520544,"total":47.520544699999995,"children":null}}}