{"count":1,"gauges":{},"self":12.5902624,"total":13.838323299999999,"children":{"AgentResetIfDone":{"count":5386,"self":0.0855851,"total":0.0855851,"children":null},"AgentSendState":{"count":5386,"self":0.0407986,"total":0.0537987,"children":{"CollectObservations":{"count":1078,"self":0.013000099999999999,"total":0.013000099999999999,"children":null}}},"DecideAction":{"count":5386,"self":0.161547,"total":0.8556731,"children":{"RayPerceptionSensor.Perceive":{"count":10772,"self":0.6941261,"total":0.6941261,"children":null}}},"AcademyStep":{"count":5386,"self":0.035001199999999996,"total":0.035001199999999996,"children":null},"AgentAct":{"count":5386,"self":0.2170018,"total":0.2170018,"children":null}}}