{"count":1,"gauges":{},"self":4.2526752,"total":121.78781989999999,"children":{"AgentResetIfDone":{"count":2275,"self":0.029012399999999997,"total":0.029012399999999997,"children":null},"AgentSendState":{"count":2275,"self":0.019000299999999998,"total":0.025979799999999997,"children":{"CollectObservations":{"count":455,"self":0.0069795,"total":0.0069795,"children":null}}},"DecideAction":{"count":2275,"self":0.14098629999999998,"total":0.78450029999999993,"children":{"RayPerceptionSensor.Perceive":{"count":9100,"self":0.64351399999999992,"total":0.64351399999999992,"children":null}}},"AcademyStep":{"count":2275,"self":0.0204628,"total":0.0204628,"children":null},"AgentAct":{"count":2275,"self":116.6741888,"total":116.6741893,"children":null}}}