{"count":1,"gauges":{},"self":21.1283296,"total":33.5135125,"children":{"AgentResetIfDone":{"count":13236,"self":0.28646849999999996,"total":0.28646849999999996,"children":null},"AgentSendState":{"count":13236,"self":0.1337996,"total":0.1557978,"children":{"CollectObservations":{"count":2648,"self":0.0219982,"total":0.0219982,"children":null}}},"DecideAction":{"count":13236,"self":0.4387022,"total":2.1557131,"children":{"RayPerceptionSensor.Perceive":{"count":26472,"self":1.7170108,"total":1.7170109,"children":null}}},"AcademyStep":{"count":13236,"self":0.0979959,"total":0.0979959,"children":null},"AgentAct":{"count":13236,"self":9.6872096,"total":9.6872096,"children":null}}}