{"count":1,"gauges":{},"self":29.8374176,"total":107.2105612,"children":{"AgentResetIfDone":{"count":18809,"self":0.2644961,"total":0.2644961,"children":null},"AgentSendState":{"count":18809,"self":0.19989369999999998,"total":0.24287979999999998,"children":{"CollectObservations":{"count":3762,"self":0.0429861,"total":0.0429861,"children":null}}},"DecideAction":{"count":18809,"self":1.1068559,"total":6.9473813999999994,"children":{"RayPerceptionSensor.Perceive":{"count":75236,"self":5.8405255999999994,"total":5.8405255,"children":null}}},"AcademyStep":{"count":18809,"self":0.1429789,"total":0.1429789,"children":null},"AgentAct":{"count":18809,"self":69.7744064,"total":69.7744077,"children":null}}}