{"count":1,"gauges":{},"self":35.5352512,"total":111.417339,"children":{"AgentResetIfDone":{"count":27875,"self":0.3749634,"total":0.3749634,"children":null},"AgentSendState":{"count":27875,"self":0.2757275,"total":0.3527635,"children":{"CollectObservations":{"count":5575,"self":0.077036,"total":0.077036,"children":null}}},"DecideAction":{"count":27875,"self":1.5065678,"total":7.2998781,"children":{"RayPerceptionSensor.Perceive":{"count":111500,"self":5.7933103999999993,"total":5.7933103,"children":null}}},"AcademyStep":{"count":27875,"self":0.20787049999999999,"total":0.20787049999999999,"children":null},"AgentAct":{"count":27875,"self":67.6456128,"total":67.645614299999991,"children":null}}}