{"count":1,"self":114.30261759999999,"total":115.60906569999999,"children":{"AgentResetIfDone":{"count":20281,"self":0.2813349,"total":0.2813349,"children":null},"AgentSendState":{"count":20281,"self":0.8851616,"total":1.0241144,"children":{"CollectObservations":{"count":20281,"self":0.1389528,"total":0.1389528,"children":null}}}}}