{"count":1,"gauges":{},"self":73.388364799999991,"total":234.85205599999998,"children":{"AgentResetIfDone":{"count":54961,"self":0.7820962,"total":0.7820962,"children":null},"AgentSendState":{"count":54961,"self":0.519434,"total":0.6294485,"children":{"CollectObservations":{"count":10993,"self":0.1100145,"total":0.1100145,"children":null}}},"DecideAction":{"count":54961,"self":2.8653944,"total":18.7291319,"children":{"RayPerceptionSensor.Perceive":{"count":219844,"self":15.863737599999999,"total":15.863737599999999,"children":null}}},"AcademyStep":{"count":54961,"self":0.3519194,"total":0.3519194,"children":null},"AgentAct":{"count":54961,"self":140.97008639999999,"total":140.97008979999998,"children":null}}}