{"count":1,"self":24.1489296,"total":124.08946019999999,"children":{"AgentResetIfDone":{"count":9601,"self":0.104928,"total":0.104928,"children":null},"AgentSendState":{"count":9601,"self":0.1185029,"total":0.4170598,"children":{"CollectObservations":{"count":1921,"self":0.2985569,"total":0.2985569,"children":null}}},"DecideAction":{"count":9601,"self":0.0710122,"total":0.0710122,"children":null},"AcademyStep":{"count":9601,"self":0.0700234,"total":0.0700234,"children":null},"AgentAct":{"count":9601,"self":99.2765056,"total":99.276507099999989,"children":null}}}