{"count":1,"gauges":{},"self":17.6558848,"total":27.678577699999998,"children":{"AgentResetIfDone":{"count":10966,"self":0.1458798,"total":0.1458798,"children":null},"AgentSendState":{"count":10966,"self":0.1078797,"total":0.1338782,"children":{"CollectObservations":{"count":2194,"self":0.025998499999999997,"total":0.025998499999999997,"children":null}}},"DecideAction":{"count":10966,"self":0.338315,"total":1.7668325,"children":{"RayPerceptionSensor.Perceive":{"count":21932,"self":1.4285174999999999,"total":1.4285174999999999,"children":null}}},"AcademyStep":{"count":10966,"self":0.0609872,"total":0.0609872,"children":null},"AgentAct":{"count":10966,"self":7.914116,"total":7.9141157999999994,"children":null}}}