{"count":1,"self":7.6967871999999993,"total":45.2845443,"children":{"AgentResetIfDone":{"count":3034,"self":0.0439865,"total":0.0439865,"children":null},"AgentSendState":{"count":3034,"self":0.03299,"total":0.0409903,"children":{"CollectObservations":{"count":607,"self":0.0080003,"total":0.0080003,"children":null}}},"DecideAction":{"count":3034,"self":0.1039924,"total":0.49154509999999996,"children":{"RayPerceptionSensor.Perceive":{"count":6068,"self":0.38755269999999997,"total":0.38755269999999997,"children":null}}},"AcademyStep":{"count":3034,"self":0.030000699999999998,"total":0.030000699999999998,"children":null},"AgentAct":{"count":3034,"self":36.9792352,"total":36.9792352,"children":null}}}