{"count":1,"gauges":{},"self":16.3319616,"total":56.8135201,"children":{"AgentResetIfDone":{"count":9875,"self":0.14331939999999999,"total":0.14331939999999999,"children":null},"AgentSendState":{"count":9875,"self":0.1059251,"total":0.1276921,"children":{"CollectObservations":{"count":1975,"self":0.021766999999999998,"total":0.021766999999999998,"children":null}}},"DecideAction":{"count":9875,"self":0.6097717,"total":3.7290034999999997,"children":{"RayPerceptionSensor.Perceive":{"count":39500,"self":3.1192317999999997,"total":3.1192317999999997,"children":null}}},"AcademyStep":{"count":9875,"self":0.0799728,"total":0.0799728,"children":null},"AgentAct":{"count":9875,"self":36.4005696,"total":36.4005709,"children":null}}}