{"count":1,"self":41.772969599999996,"total":43.1038108,"children":{"AgentResetIfDone":{"count":12627,"self":0.13799709999999998,"total":0.13799709999999998,"children":null},"AgentSendState":{"count":12627,"self":0.1429184,"total":0.6207207,"children":{"CollectObservations":{"count":2526,"self":0.47780229999999996,"total":0.47780229999999996,"children":null}}},"DecideAction":{"count":12627,"self":0.1140281,"total":0.1140281,"children":null},"AcademyStep":{"count":12627,"self":0.0722391,"total":0.0722391,"children":null},"AgentAct":{"count":12627,"self":0.3848568,"total":0.3848568,"children":null}}}