{"count":1,"self":86.707891199999992,"total":89.723783099999991,"children":{"AgentResetIfDone":{"count":27627,"self":0.30727,"total":0.30727,"children":null},"AgentSendState":{"count":27627,"self":0.3587586,"total":1.2438007,"children":{"CollectObservations":{"count":5526,"self":0.88504209999999994,"total":0.88504209999999994,"children":null}}},"DecideAction":{"count":27627,"self":0.2824906,"total":0.2824906,"children":null},"AcademyStep":{"count":27627,"self":0.22145179999999998,"total":0.22145179999999998,"children":null},"AgentAct":{"count":27627,"self":0.9598764,"total":0.9598764,"children":null}}}