{"count":1,"self":66.839488,"total":70.813450199999991,"children":{"AgentResetIfDone":{"count":27734,"self":0.2968628,"total":0.2968628,"children":null},"AgentSendState":{"count":27734,"self":0.33200389999999996,"total":1.1968414,"children":{"CollectObservations":{"count":5547,"self":0.86483749999999993,"total":0.86483749999999993,"children":null}}},"DecideAction":{"count":27734,"self":0.2400484,"total":0.2400484,"children":null},"AcademyStep":{"count":27734,"self":0.21730729999999998,"total":0.21730729999999998,"children":null},"AgentAct":{"count":27734,"self":2.0219039999999997,"total":2.0219041,"children":null}}}