{"count":1,"self":111.2152448,"total":120.83059209999999,"children":{"AgentResetIfDone":{"count":46727,"self":0.43673639999999997,"total":0.43673639999999997,"children":null},"AgentSendState":{"count":46727,"self":0.72538839999999993,"total":1.0777743,"children":{"CollectObservations":{"count":46727,"self":0.3523859,"total":0.3523859,"children":null}}},"DecideAction":{"count":46727,"self":1.4371439,"total":6.0656409,"children":{"RayPerceptionSensor.Perceive":{"count":93454,"self":4.6284968,"total":4.6284969999999994,"children":null}}},"AcademyStep":{"count":46727,"self":0.43747519999999995,"total":0.43747519999999995,"children":null},"AgentAct":{"count":46727,"self":1.5967149999999999,"total":1.5967149999999999,"children":null}}}