{"count":1,"gauges":{},"self":77.549568,"total":124.07890959999999,"children":{"AgentResetIfDone":{"count":49442,"self":0.7844243,"total":0.7844243,"children":null},"AgentSendState":{"count":49442,"self":0.47184319999999996,"total":0.5599113,"children":{"CollectObservations":{"count":9889,"self":0.0880681,"total":0.0880681,"children":null}}},"DecideAction":{"count":49442,"self":1.5588783,"total":8.5696385,"children":{"RayPerceptionSensor.Perceive":{"count":98884,"self":7.0107599999999994,"total":7.0107602,"children":null}}},"AcademyStep":{"count":49442,"self":0.3171671,"total":0.3171671,"children":null},"AgentAct":{"count":49442,"self":36.2972,"total":36.2972009,"children":null}}}