{"count":1,"self":116.303168,"total":126.1832752,"children":{"AgentResetIfDone":{"count":44661,"self":0.4244342,"total":0.4244342,"children":null},"AgentSendState":{"count":44661,"self":1.0171777,"total":5.966683,"children":{"CollectObservations":{"count":44661,"self":4.9495052,"total":4.9495053,"children":null}}},"DecideAction":{"count":44661,"self":0.371707,"total":0.371707,"children":null},"AcademyStep":{"count":44661,"self":0.24044269999999998,"total":0.24044269999999998,"children":null},"AgentAct":{"count":44661,"self":2.875836,"total":2.875836,"children":null}}}