{"count":1,"gauges":{},"self":64.6333312,"total":99.3228934,"children":{"AgentResetIfDone":{"count":32668,"self":0.44455859999999997,"total":0.44455859999999997,"children":null},"AgentSendState":{"count":32668,"self":0.2998556,"total":19.7250344,"children":{"CollectObservations":{"count":3088,"self":19.4251792,"total":19.425178799999998,"children":null}}},"DecideAction":{"count":32668,"self":0.6560095,"total":2.7921144,"children":{"RayPerceptionSensor.Perceive":{"count":30876,"self":2.1361048,"total":2.1361049,"children":null}}},"AcademyStep":{"count":32668,"self":0.21704189999999998,"total":0.21704189999999998,"children":null},"AgentAct":{"count":32668,"self":11.508811999999999,"total":11.5088119,"children":null}}}