{"count":1,"self":1.6704189999999999,"total":129.6872318,"children":{"AgentResetIfDone":{"count":401,"self":0.0058017999999999993,"total":0.0058017999999999993,"children":null},"AgentSendState":{"count":401,"self":0.0295812,"total":0.036169599999999996,"children":{"CollectObservations":{"count":401,"self":0.0065883999999999995,"total":0.0065883999999999995,"children":null}}},"DecideAction":{"count":401,"self":127.76401919999999,"total":127.919281,"children":{"AgentInfo.ToProto":{"count":401,"self":0.046112,"total":0.1552618,"children":{"RayPerceptionSensor.Perceive":{"count":802,"self":0.10914979999999999,"total":0.10914979999999999,"children":null}}}}},"AcademyStep":{"count":401,"self":0.0057288,"total":0.0057288,"children":null},"AgentAct":{"count":401,"self":0.0482622,"total":0.0482622,"children":null}}}