{"count":1,"self":0.12099939999999999,"total":0.12199929999999999,"children":null}