{"count":1,"self":130.7918848,"total":138.68502279999998,"children":{"AgentResetIfDone":{"count":54167,"self":0.651581,"total":0.651581,"children":null},"AgentSendState":{"count":54167,"self":0.66078589999999993,"total":2.5528717999999997,"children":{"CollectObservations":{"count":10834,"self":1.892086,"total":1.8920858999999999,"children":null}}},"DecideAction":{"count":54167,"self":0.5105261,"total":0.5105261,"children":null},"AcademyStep":{"count":54167,"self":0.38265319999999997,"total":0.38265319999999997,"children":null},"AgentAct":{"count":54167,"self":3.7945032,"total":3.7945029999999997,"children":null}}}