{"count":1,"gauges":{},"self":24.78228,"total":33.1035517,"children":{"AgentResetIfDone":{"count":6142,"self":0.08331609999999999,"total":0.08331609999999999,"children":null},"AgentSendState":{"count":6142,"self":0.1010563,"total":0.16709079999999998,"children":{"CollectObservations":{"count":6142,"self":0.0660345,"total":0.0660345,"children":null}}},"DecideAction":{"count":6142,"self":0.3781932,"total":2.1432772,"children":{"RayPerceptionSensor.Perceive":{"count":24568,"self":1.7650839999999999,"total":1.7650839999999999,"children":null}}},"AcademyStep":{"count":6142,"self":0.0470012,"total":0.0470012,"children":null},"AgentAct":{"count":6142,"self":5.8795876,"total":5.8795874999999995,"children":null}}}