{"count":1,"self":0.12401039999999999,"total":0.1250093,"children":null}