{"count":1,"gauges":{},"self":6.8949647999999994,"total":10.6763227,"children":{"AgentResetIfDone":{"count":4090,"self":0.053723099999999996,"total":0.053723099999999996,"children":null},"AgentSendState":{"count":4090,"self":0.046003999999999996,"total":0.0629994,"children":{"CollectObservations":{"count":2045,"self":0.0169954,"total":0.0169954,"children":null}}},"DecideAction":{"count":4090,"self":0.1432762,"total":0.6511813,"children":{"RayPerceptionSensor.Perceive":{"count":8180,"self":0.5079051,"total":0.5079051,"children":null}}},"AcademyStep":{"count":4090,"self":0.038031999999999996,"total":0.038031999999999996,"children":null},"AgentAct":{"count":4090,"self":2.9734252,"total":2.9734252,"children":null}}}