{"count":1,"gauges":{},"self":16.0353072,"total":45.3132346,"children":{"AgentResetIfDone":{"count":15334,"self":0.2043851,"total":0.2043851,"children":null},"AgentSendState":{"count":15334,"self":0.2219862,"total":0.24896839999999998,"children":{"CollectObservations":{"count":3067,"self":0.026982199999999998,"total":0.026982199999999998,"children":null}}},"DecideAction":{"count":15334,"self":27.3834016,"total":28.029526099999998,"children":{"AgentInfo.ToProto":{"count":3067,"self":0.162969,"total":0.64612419999999993,"children":{"RayPerceptionSensor.Perceive":{"count":6134,"self":0.48315519999999995,"total":0.48315519999999995,"children":null}}}}},"AcademyStep":{"count":15334,"self":0.1000093,"total":0.1000093,"children":null},"AgentAct":{"count":15334,"self":0.69403629999999994,"total":0.69403629999999994,"children":null}}}