{"count":1,"self":56.161785599999995,"total":60.284501999999996,"children":{"AgentResetIfDone":{"count":15887,"self":0.2132365,"total":0.2132365,"children":null},"AgentSendState":{"count":15887,"self":0.314942,"total":2.5663644999999997,"children":{"CollectObservations":{"count":15887,"self":2.2514224,"total":2.2514225,"children":null}}},"DecideAction":{"count":15887,"self":0.1469507,"total":0.1469507,"children":null},"AcademyStep":{"count":15887,"self":0.1169954,"total":0.1169954,"children":null},"AgentAct":{"count":15887,"self":1.0781713,"total":1.0781713,"children":null}}}