{"count":1,"gauges":{},"self":15.307288,"total":24.0338013,"children":{"AgentResetIfDone":{"count":9435,"self":0.13286109999999998,"total":0.13286109999999998,"children":null},"AgentSendState":{"count":9434,"self":0.1270026,"total":0.16000699999999998,"children":{"CollectObservations":{"count":4717,"self":0.033004399999999996,"total":0.033004399999999996,"children":null}}},"DecideAction":{"count":9434,"self":0.27466799999999997,"total":1.5465084,"children":{"RayPerceptionSensor.Perceive":{"count":18868,"self":1.2718403999999999,"total":1.2718403999999999,"children":null}}},"AcademyStep":{"count":9434,"self":0.0510042,"total":0.0510042,"children":null},"AgentAct":{"count":9434,"self":6.8331168,"total":6.8331165,"children":null}}}