{"count":1,"gauges":{},"self":14.4638096,"total":15.945250699999999,"children":{"AgentResetIfDone":{"count":6168,"self":0.0950153,"total":0.0950153,"children":null},"AgentSendState":{"count":6168,"self":0.0551095,"total":0.0641275,"children":{"CollectObservations":{"count":1234,"self":0.009018,"total":0.009018,"children":null}}},"DecideAction":{"count":6168,"self":0.1720572,"total":1.0250641999999999,"children":{"RayPerceptionSensor.Perceive":{"count":12336,"self":0.853007,"total":0.853007,"children":null}}},"AcademyStep":{"count":6168,"self":0.041993499999999996,"total":0.041993499999999996,"children":null},"AgentAct":{"count":6168,"self":0.2542427,"total":0.2542427,"children":null}}}