{"count":1,"self":8.1509904,"total":8.2326301,"children":{"AgentResetIfDone":{"count":2181,"self":0.018513099999999998,"total":0.018513099999999998,"children":null},"AgentSendState":{"count":2181,"self":0.0110014,"total":0.0110014,"children":null},"DecideAction":{"count":2181,"self":0.0179752,"total":0.0179752,"children":null},"AcademyStep":{"count":2181,"self":0.0170014,"total":0.0170014,"children":null},"AgentAct":{"count":2181,"self":0.0161484,"total":0.0161484,"children":null}}}