{"count":1,"self":13.018237599999999,"total":13.9058888,"children":{"AgentResetIfDone":{"count":2594,"self":0.0385407,"total":0.0385407,"children":null},"AgentSendState":{"count":2594,"self":0.084082999999999991,"total":0.74243589999999993,"children":{"CollectObservations":{"count":2594,"self":0.6583529,"total":0.6583529,"children":null}}},"DecideAction":{"count":2594,"self":0.10567499999999999,"total":0.10567499999999999,"children":null}}}