{"count":1,"self":52.7222752,"total":55.5634915,"children":{"AgentResetIfDone":{"count":8254,"self":0.1349244,"total":0.1349244,"children":null},"AgentSendState":{"count":8254,"self":0.32539199999999996,"total":2.3747311,"children":{"CollectObservations":{"count":8254,"self":2.0493392,"total":2.0493391,"children":null}}},"DecideAction":{"count":8254,"self":0.33055799999999996,"total":0.33055799999999996,"children":null}}}