{"count":1,"self":0.06752169999999999,"total":0.0685223,"children":null}