{"count":1,"gauges":{},"self":51.2176896,"total":236.1454182,"children":{"AgentResetIfDone":{"count":94801,"self":0.5050787,"total":0.5050787,"children":null},"AgentSendState":{"count":94801,"self":0.368046,"total":0.431141,"children":{"CollectObservations":{"count":18961,"self":0.063095,"total":0.063095,"children":null}}},"DecideAction":{"count":94801,"self":175.2774144,"total":178.1014457,"children":{"AgentInfo.ToProto":{"count":18961,"self":0.5249123,"total":2.8240349,"children":{"RayPerceptionSensor.Perceive":{"count":37922,"self":2.2991226,"total":2.2991226,"children":null}}}}},"AcademyStep":{"count":94801,"self":0.27309089999999997,"total":0.27309089999999997,"children":null},"AgentAct":{"count":94801,"self":5.6159728,"total":5.6159728,"children":null}}}