{"count":1,"gauges":{},"self":38.506745599999995,"total":175.0355311,"children":{"AgentResetIfDone":{"count":70401,"self":0.34803809999999996,"total":0.34803809999999996,"children":null},"AgentSendState":{"count":70401,"self":0.2308826,"total":0.2738848,"children":{"CollectObservations":{"count":14081,"self":0.0430022,"total":0.0430022,"children":null}}},"DecideAction":{"count":70401,"self":129.7214976,"total":131.7283373,"children":{"AgentInfo.ToProto":{"count":14081,"self":0.3777307,"total":2.0068387,"children":{"RayPerceptionSensor.Perceive":{"count":28162,"self":1.629108,"total":1.629108,"children":null}}}}},"AcademyStep":{"count":70401,"self":0.1819912,"total":0.1819912,"children":null},"AgentAct":{"count":70401,"self":3.9945344,"total":3.9945345,"children":null}}}