{"count":1,"gauges":{},"self":8120.6902783999994,"total":37778.4225555,"children":{"AgentResetIfDone":{"count":16390935,"self":47.9047072,"total":47.904708299999996,"children":null},"AgentSendState":{"count":16390935,"self":31.765622399999998,"total":36.1172639,"children":{"CollectObservations":{"count":3278187,"self":4.3516416,"total":4.3516416,"children":null}}},"DecideAction":{"count":16390935,"self":28247.9853568,"total":28666.702258999998,"children":{"AgentInfo.ToProto":{"count":3278187,"self":65.7304448,"total":418.71725449999997,"children":{"RayPerceptionSensor.Perceive":{"count":6556374,"self":352.9868032,"total":352.986809,"children":null}}}}},"AcademyStep":{"count":16390935,"self":19.3706144,"total":19.3706146,"children":null},"AgentAct":{"count":16390935,"self":887.6352512,"total":887.6352082,"children":null}}}