{"count":1,"gauges":{},"self":24.123352,"total":107.8453637,"children":{"AgentResetIfDone":{"count":45734,"self":0.2189294,"total":0.2189294,"children":null},"AgentSendState":{"count":45734,"self":0.20091689999999998,"total":0.2219575,"children":{"CollectObservations":{"count":9147,"self":0.0210406,"total":0.0210406,"children":null}}},"DecideAction":{"count":45734,"self":79.2457216,"total":80.6062603,"children":{"AgentInfo.ToProto":{"count":9147,"self":0.28191099999999997,"total":1.3605356,"children":{"RayPerceptionSensor.Perceive":{"count":18294,"self":1.0786246,"total":1.0786246,"children":null}}}}},"AcademyStep":{"count":45734,"self":0.1264122,"total":0.1264122,"children":null},"AgentAct":{"count":45734,"self":2.546452,"total":2.5464520999999998,"children":null}}}