{"count":1,"gauges":{},"self":47.186367999999995,"total":213.2080272,"children":{"AgentResetIfDone":{"count":88267,"self":0.4238829,"total":0.4238829,"children":null},"AgentSendState":{"count":88267,"self":0.29850899999999997,"total":0.3434275,"children":{"CollectObservations":{"count":17654,"self":0.0449185,"total":0.0449185,"children":null}}},"DecideAction":{"count":88267,"self":157.2023808,"total":159.7415936,"children":{"AgentInfo.ToProto":{"count":17654,"self":0.48902779999999996,"total":2.5392107999999998,"children":{"RayPerceptionSensor.Perceive":{"count":35308,"self":2.050183,"total":2.050183,"children":null}}}}},"AcademyStep":{"count":88267,"self":0.2555556,"total":0.2555556,"children":null},"AgentAct":{"count":88267,"self":5.2552015999999995,"total":5.2552014,"children":null}}}