{"count":1,"gauges":{},"self":8959.6854272,"total":46274.3562252,"children":{"AgentResetIfDone":{"count":18112801,"self":51.501865599999995,"total":51.5018646,"children":null},"AgentSendState":{"count":18112801,"self":35.961574399999996,"total":43.4407304,"children":{"CollectObservations":{"count":3622561,"self":7.4791567999999993,"total":7.4791564,"children":null}}},"DecideAction":{"count":18112801,"self":32264.362393599997,"total":33054.1601755,"children":{"AgentInfo.ToProto":{"count":3622561,"self":121.3512576,"total":789.7973349,"children":{"RayPerceptionSensor.Perceive":{"count":14490244,"self":668.4460544,"total":668.4460723,"children":null}}}}},"AcademyStep":{"count":18112801,"self":20.5907776,"total":20.590777499999998,"children":null},"AgentAct":{"count":18112801,"self":4144.9750527999995,"total":4144.9750788,"children":null}}}