{"count":1,"gauges":{},"self":3633.4030847999998,"total":16422.3384241,"children":{"AgentResetIfDone":{"count":6940134,"self":32.10416,"total":32.1041586,"children":null},"AgentSendState":{"count":6940134,"self":24.6527392,"total":28.410131999999997,"children":{"CollectObservations":{"count":1388027,"self":3.7573923999999996,"total":3.7573923999999996,"children":null}}},"DecideAction":{"count":6940134,"self":12119.5012096,"total":12317.8544615,"children":{"AgentInfo.ToProto":{"count":1388027,"self":39.5505792,"total":198.3535518,"children":{"RayPerceptionSensor.Perceive":{"count":2776054,"self":158.80296959999998,"total":158.8029732,"children":null}}}}},"AcademyStep":{"count":6940134,"self":17.9806,"total":17.9805995,"children":null},"AgentAct":{"count":6940134,"self":392.58485759999996,"total":392.5848567,"children":null}}}