{"count":1,"gauges":{},"self":10165.374976,"total":45307.3897466,"children":{"AgentResetIfDone":{"count":19504935,"self":93.764134399999989,"total":93.7641338,"children":null},"AgentSendState":{"count":19504935,"self":70.6722624,"total":81.4172311,"children":{"CollectObservations":{"count":3900987,"self":10.744968799999999,"total":10.744969099999999,"children":null}}},"DecideAction":{"count":19504935,"self":33243.8503424,"total":33794.3469482,"children":{"AgentInfo.ToProto":{"count":3900987,"self":98.8741568,"total":550.4963785,"children":{"RayPerceptionSensor.Perceive":{"count":7801974,"self":451.6222464,"total":451.62222199999997,"children":null}}}}},"AcademyStep":{"count":19504935,"self":51.3594272,"total":51.359426799999994,"children":null},"AgentAct":{"count":19504935,"self":1121.1251711999998,"total":1121.1252028,"children":null}}}