{"count":1,"gauges":{},"self":38.653408,"total":339.86054709999996,"children":{"AgentResetIfDone":{"count":69067,"self":0.3378827,"total":0.3378827,"children":null},"AgentSendState":{"count":69067,"self":0.38478429999999997,"total":0.46973539999999997,"children":{"CollectObservations":{"count":34534,"self":0.0849511,"total":0.0849511,"children":null}}},"DecideAction":{"count":69067,"self":290.31324159999997,"total":295.5195741,"children":{"AgentInfo.ToProto":{"count":34534,"self":0.98541,"total":5.2063432999999995,"children":{"RayPerceptionSensor.Perceive":{"count":69068,"self":4.2209332,"total":4.2209332999999996,"children":null}}}}},"AcademyStep":{"count":69067,"self":0.17205579999999998,"total":0.17205579999999998,"children":null},"AgentAct":{"count":69067,"self":4.7058903999999995,"total":4.7058903999999995,"children":null}}}