{"count":1,"gauges":{},"self":3.5740667999999998,"total":27.8698077,"children":{"AgentResetIfDone":{"count":5065,"self":0.0319496,"total":0.0319496,"children":null},"AgentSendState":{"count":5055,"self":0.0289891,"total":0.0359856,"children":{"CollectObservations":{"count":2528,"self":0.0069965,"total":0.0069965,"children":null}}},"DecideAction":{"count":5055,"self":23.371351999999998,"total":23.8649378,"children":{"AgentInfo.ToProto":{"count":2528,"self":0.1489363,"total":0.4935852,"children":{"RayPerceptionSensor.Perceive":{"count":5056,"self":0.3446489,"total":0.3446489,"children":null}}}}},"AcademyStep":{"count":5055,"self":0.013038699999999999,"total":0.013038699999999999,"children":null},"AgentAct":{"count":5055,"self":0.3478294,"total":0.3478294,"children":null}}}