{"count":1,"gauges":{},"self":17.445263999999998,"total":75.1338993,"children":{"AgentResetIfDone":{"count":31734,"self":0.1669264,"total":0.1669264,"children":null},"AgentSendState":{"count":31734,"self":0.0989304,"total":0.12193269999999999,"children":{"CollectObservations":{"count":6347,"self":0.0230023,"total":0.0230023,"children":null}}},"DecideAction":{"count":31734,"self":54.381593599999995,"total":55.3527002,"children":{"AgentInfo.ToProto":{"count":6347,"self":0.2120713,"total":0.9711048,"children":{"RayPerceptionSensor.Perceive":{"count":12694,"self":0.75903349999999992,"total":0.75903349999999992,"children":null}}}}},"AcademyStep":{"count":31734,"self":0.0769493,"total":0.0769493,"children":null},"AgentAct":{"count":31734,"self":1.969126,"total":1.9691261,"children":null}}}